<?xml version="1.0"?>

<extension>
	<name>PLUGIN_SHAIRTUNES2</name>
	<module>Plugins::ShairTunes2::Plugin</module>
	<playerMenu>RADIO</playerMenu>
	<version>0.21</version>
	<description>PLUGIN_SHAIRTUNES2_DESC</description>
	<creator>Evgeny Gazdovsky</creator>
	<defaultState>enabled</defaultState>
	<homepageURL></homepageURL>
	<optionsURL></optionsURL>
	<icon></icon>
	<type>2</type><!-- type=extension -->
	<targetApplication>
		<id>Squeezecenter</id>
		<minVersion>7.5</minVersion>
		<maxVersion>7.*</maxVersion>
	</targetApplication>
	<targetPlatform>Linux</targetPlatform>
	<targetPlatform>Unix</targetPlatform>
	<targetPlatform>Darwin</targetPlatform>
</extension>
