<extensions>
  <details>
    <title lang="EN">ShairTunes2 Plugin</title>
  </details>
  <plugins>
    <plugin name="ShairTunes2" version="0.21" minTarget="7.5" maxTarget="*">
      <title lang="EN">ShairTunes2</title>
      <desc lang="EN">Airtunes for LMS</desc>
      <url>https://raw.github.com/gev/shairport2_plugin/master/ShairTunes2.zip</url>
      <link>https://github.com/gev/shairport2_plugin</link>
      <sha>edd888f3d727d640bffabe19b0b9582a35c8a32b</sha>
      <creator>Evgeny Gazdovsky</creator>
      <email>gazdovsky@gmail.com</email>
    </plugin>
  </plugins>
</extensions>

